Year,avg salinity
2009,31.59176471
2010,30.95838951
2011,30.9432967
2012,31.54284672
2013,31.27593458
2014,31.74644068
2015,31.21566901
2016,31.8390106
2017,31.10512739
2018,31.73142857
