year,density (No/m2)
1983,2.79619859
1993,3.210563642
1994,3.0661637
1995,3.015937633
2000,2.852702916
2003,3.091276733
2004,3.461693977
2005,3.022215891
2006,2.582737806
